"","snp","EFFECT_ALLELE","OTHER_ALLELE","EFFECT","SE","PVAL","allele","chr_name","chrom_start","chrom_strand","allele_1","minor_allele","minor_allele_freq"
"1","rs11646653","t","c",-0.0926,0.0284,0.001113,"C/G/T","16",28922149,1,"C","C",0.245
"2","rs12325113","t","c",-0.0832,0.0277,0.002651,"T/C","16",28848668,1,"T","C",0.1937
"3","rs12325278","a","g",-0.098,0.0269,0.0002635,"A/G","16",28848818,1,"G","G",0.2612
"4","rs12443881","t","c",0.0972,0.0269,0.0002958,"C/T","16",28841777,1,"","T",0.1971
"5","rs12928404","t","c",-0.0739,0.0278,0.00782,"T/C","16",28847246,1,"","C",0.4561
"6","rs16853555","a","t",-0.1943,0.0732,0.007916,"A/T","3",143126552,1,"A","T",0.05891
"7","rs16853564","t","c",-0.1931,0.0732,0.00831,"T/C","3",143128922,1,"T","C",0.04952
"8","rs179442","t","c",-0.0752,0.028,0.007217,"C/T","8",116669769,1,"T","T",0.484
"9","rs2008514","a","g",0.0988,0.0269,0.0002346,"G/A","16",28825605,1,"","A",0.263
"10","rs2049874","a","g",-0.0738,0.0277,0.007675,"G/A","8",116664938,1,"A","G",0.4916
"11","rs2142333","t","c",-0.0757,0.0279,0.006638,"C/T","8",116659458,1,"T","T",0.4878
"12","rs2178951","a","g",0.0761,0.0279,0.006356,"A/G","8",116659534,1,"G","G",0.488
"13","rs2256354","a","g",0.0769,0.0262,0.003384,"G/A","7",93237836,1,"A","G",0.2951
"14","rs2427090","a","c",0.072,0.0268,0.007123,"C/A","20",59997681,1,"A","C",0.405
"15","rs2427093","c","g",0.0718,0.0271,0.007979,"G/A/C","20",60001676,1,"C","G",0.3536
"16","rs2528522","a","g",0.075,0.0261,0.004113,"G/A","7",93222805,1,"G","G",0.3001
"17","rs2528533","a","g",0.077,0.0262,0.003342,"G/A","7",93239734,1,"A","G",0.2949
"18","rs2677069","a","t",0.077,0.0261,0.00322,"T/A","7",93231491,1,"A","T",0.2949
"19","rs2677072","t","c",-0.0749,0.0261,0.004163,"T/A/C","7",93230742,1,"T","T",0.2983
"20","rs2721965","a","c",0.076,0.0279,0.006425,"A/C/T","8",116662038,1,"A","C",0.2893
"21","rs2737247","a","g",0.0794,0.0278,0.004267,"A/G","8",116660365,1,"G","G",0.4878
"22","rs2737249","t","g",0.0771,0.0279,0.005698,"T/G","8",116661045,1,"T","G",0.4832
"23","rs2737253","a","g",-0.0759,0.0279,0.006496,"G/A","8",116663922,1,"G","A",0.2913
"24","rs3888190","a","c",0.0992,0.0269,0.0002212,"C/A/T","16",28889486,1,"A","A",0.2634
"25","rs4788099","a","g",-0.098,0.0269,0.0002635,"A/G","16",28855727,1,"G","G",0.2616
"26","rs4788100","t","c",-0.0983,0.0269,0.0002523,"T/C","16",28864673,1,"C","C",0.2616
"27","rs4788102","a","g",0.0992,0.0268,0.0002092,"G/A","16",28873398,1,"G","A",0.2606
"28","rs6765286","a","g",-0.1939,0.0732,0.008046,"A/G","3",143127790,1,"A","G",0.0591
"29","rs6765388","a","c",-0.1928,0.0732,0.008411,"A/C","3",143127870,1,"C","C",0.06889
"30","rs6767272","a","g",0.195,0.0734,0.007868,"G/A/T","3",143116246,1,"G","A",0.0599
"31","rs6778621","t","c",-0.1955,0.0735,0.007796,"T/C","3",143120904,1,"T","C",0.06669
"32","rs6805036","a","g",-0.1954,0.0735,0.007827,"A/G","3",143120279,1,"A","G",0.05871
"33","rs6954346","t","c",-0.075,0.0261,0.004113,"T/A/C","7",93230497,1,"T","T",0.2983
"34","rs7187333","a","g",0.0985,0.0269,0.000245,"G/A","16",28865916,1,"G","A",0.1971
"35","rs7187776","a","g",-0.0927,0.0269,0.0005576,"A/C/G","16",28857645,1,"G","G",0.3492
"36","rs7205323","t","c",0.0983,0.0269,0.0002523,"C/T","16",28865892,1,"C","T",0.2616
"37","rs7359397","t","c",0.0988,0.0269,0.0002346,"C/T","16",28885659,1,"C","T",0.1937
"38","rs7498665","a","g",-0.0983,0.0269,0.0002523,"A/G/T","16",28883241,1,"G","G",0.2614
"39","rs7799704","a","g",0.075,0.0261,0.004113,"G/A","7",93229540,1,"A","G",0.2983
"40","rs8049439","t","c",-0.0879,0.0268,0.001019,"T/C/G","16",28837515,1,"","C",0.3562
"41","rs8055982","a","c",-0.0989,0.0269,0.0002312,"A/C","16",28881202,1,"A","C",0.2612
"42","rs8061590","a","g",-0.0989,0.0269,0.0002312,"A/C/G","16",28895130,1,"G","G",0.2744
"43","rs8062405","a","g",-0.0974,0.0269,0.0002874,"A/G","16",28837906,1,"","G",0.2682
